Workbook

Sheet Mode d'emploi
A1: Grille d'audit RGAA 4.1 — pxlc.fr
A2: Pré-remplie le 21/09/2026 à partir du build du site (tests automatisés jsdom, axe-core, Playwright, calculs de contraste) et de la lecture du code. Les 7 non-conformités relevées ont été corrigées le même jour (onglet « Corrections »).
A4: Codes de statut
A5: C = conforme · NC = non conforme · NA = non applicable · AT = à tester à la main (procédure dans l'onglet « Procédures »).
A7: Ce que tu remplis
A8: Uniquement les cellules jaunes de l'onglet « Grille » : remplace chaque AT par C, NC ou NA après le test, et complète la colonne « Notes de l'auditeur ».
A9: Exemple : 8.2 / Accueil — passer la page au validateur W3C ; 0 erreur → écrire C ; erreurs → NC et noter lesquelles.
A11: Calcul du taux (méthode officielle)
A12: Un critère est NC s'il est NC sur au moins une page, NA s'il est NA partout, C sinon. Taux = critères C ÷ (critères C + critères NC). Tant qu'il reste des AT, le taux de l'onglet « Synthèse » est provisoire.
A14: Sources
A15: Critères : référentiel officiel RGAA 4.1, dépôt DISIC/RGAA (v4.1/JSON/criteres.json). Méthode et tests détaillés : accessibilite.numerique.gouv.fr/methode/criteres-et-tests/
A16: Seuils : texte 4,5:1 (3:1 au-delà de 24 px ou 18,5 px gras) ; composants d'interface et graphiques porteurs d'information 3:1.

Sheet Synthèse
A1: Synthèse de l'audit
A3: Résultat global (106 critères)
A4: Critères conformes (C) | B4: =COUNTIF(Grille!$K$2:$K$107,"C")
A5: Critères non conformes (NC) | B5: =COUNTIF(Grille!$K$2:$K$107,"NC")
A6: Critères non applicables (NA) | B6: =COUNTIF(Grille!$K$2:$K$107,"NA")
A7: Critères restant à tester (AT) | B7: =COUNTIF(Grille!$K$2:$K$107,"AT")
A8: Total | B8: =SUM(B4:B7)
A10: Taux de conformité provisoire (AT exclus) | B10: =IF(B4+B5=0,0,B4/(B4+B5))
A11: État à déclarer | B11: =IF(B7>0,"Audit incomplet — terminer les AT",IF(B10=1,"Totalement conforme",IF(B10>=0.5,"Partiellement conforme","Non conforme")))
A12: Rappel : totalement conforme = 100 % ; partiellement conforme ≥ 50 % ; non conforme < 50 %.
A14: Taux par page (critères C ÷ (C + NC) sur la page)
A15: Page | B15: C | C15: NC | D15: AT | E15: Taux
A16: Accueil | B16: =COUNTIF(Grille!$D$2:$D$107,"C") | C16: =COUNTIF(Grille!$D$2:$D$107,"NC") | D16: =COUNTIF(Grille!$D$2:$D$107,"AT") | E16: =IF(B16+C16=0,0,B16/(B16+C16))
A17: À propos | B17: =COUNTIF(Grille!$E$2:$E$107,"C") | C17: =COUNTIF(Grille!$E$2:$E$107,"NC") | D17: =COUNTIF(Grille!$E$2:$E$107,"AT") | E17: =IF(B17+C17=0,0,B17/(B17+C17))
A18: Projets | B18: =COUNTIF(Grille!$F$2:$F$107,"C") | C18: =COUNTIF(Grille!$F$2:$F$107,"NC") | D18: =COUNTIF(Grille!$F$2:$F$107,"AT") | E18: =IF(B18+C18=0,0,B18/(B18+C18))
A19: Contact | B19: =COUNTIF(Grille!$G$2:$G$107,"C") | C19: =COUNTIF(Grille!$G$2:$G$107,"NC") | D19: =COUNTIF(Grille!$G$2:$G$107,"AT") | E19: =IF(B19+C19=0,0,B19/(B19+C19))
A20: Mentions légales | B20: =COUNTIF(Grille!$H$2:$H$107,"C") | C20: =COUNTIF(Grille!$H$2:$H$107,"NC") | D20: =COUNTIF(Grille!$H$2:$H$107,"AT") | E20: =IF(B20+C20=0,0,B20/(B20+C20))
A21: Accessibilité | B21: =COUNTIF(Grille!$I$2:$I$107,"C") | C21: =COUNTIF(Grille!$I$2:$I$107,"NC") | D21: =COUNTIF(Grille!$I$2:$I$107,"AT") | E21: =IF(B21+C21=0,0,B21/(B21+C21))
A22: Plaquette (HTML) | B22: =COUNTIF(Grille!$J$2:$J$107,"C") | C22: =COUNTIF(Grille!$J$2:$J$107,"NC") | D22: =COUNTIF(Grille!$J$2:$J$107,"AT") | E22: =IF(B22+C22=0,0,B22/(B22+C22))
A23: Taux moyen des pages | E23: =AVERAGE(E16:E22)

Sheet Échantillon
A1: Code | B1: Page | C1: URL | D1: Pourquoi dans l'échantillon
A2: A | B2: Accueil | C2: https://pxlc.fr/ | D2: Page d'accueil (obligatoire).
A3: P | B3: À propos | C3: https://pxlc.fr/a-propos/ | D3: Page représentative : portrait, frise, citation.
A4: R | B4: Projets | C4: https://pxlc.fr/projets/ | D4: Page la plus riche : FAQ interactive, cartes, liens externes.
A5: C | B5: Contact | C5: https://pxlc.fr/contact/ | D5: Page de contact et seul formulaire (obligatoire).
A6: M | B6: Mentions légales | C6: https://pxlc.fr/mentions-legales/ | D6: Mentions légales (obligatoire).
A7: X | B7: Accessibilité | C7: https://pxlc.fr/accessibilite/ | D7: Déclaration d'accessibilité (obligatoire).
A8: Q | B8: Plaquette (HTML) | C8: https://pxlc.fr/plaquette/ | D8: Version HTML de la plaquette PDF (document téléchargeable, critère 13.3).
A9: — | B9: Plaquette PDF | C9: https://pxlc.fr/files/plaquette-pxlc.pdf | D9: Évaluée via les critères 13.3 et 13.4 (document bureautique).

Sheet Grille
A1: Thématique | B1: Critère | C1: Intitulé officiel | D1: Accueil | E1: À propos | F1: Projets | G1: Contact | H1: Mentions légales | I1: Accessibilité | J1: Plaquette (HTML) | K1: Résultat | L1: Constat / justification (pré-remplissage) | M1: Notes de l'auditeur | N1: Méthode officielle
A2: Images | B2: 1.1 | C2: Chaque image porteuse d'information a-t-elle une alternative textuelle ? | D2: C | E2: C | F2: NA | G2: C | H2: NA | I2: NA | J2: C | K2: =IF(COUNTIF(D2:J2,"NC")>0,"NC",IF(COUNTIF(D2:J2,"AT")>0,"AT",IF(COUNTIF(D2:J2,"C")>0,"C","NA"))) | L2: Les photos ont un alt ; la carte des communes (contact) est un svg role=img avec aria-label. Projets, mentions et accessibilité n'ont que des images décoratives. | N2: Critère 1.1
A3: Images | B3: 1.2 | C3: Chaque image de décoration est-elle correctement ignorée par les technologies d'assistance ? | D3: C | E3: C | F3: C | G3: C | H3: C | I3: C | J3: C | K3: =IF(COUNTIF(D3:J3,"NC")>0,"NC",IF(COUNTIF(D3:J3,"AT")>0,"AT",IF(COUNTIF(D3:J3,"C")>0,"C","NA"))) | L3: Tous les svg décoratifs (marque, motif Duo, icônes) portent aria-hidden="true" ; icônes des liens du pied de page masquées, le lien porte l'aria-label. | N3: Critère 1.2
A4: Images | B4: 1.3 | C4: Pour chaque image porteuse d'information ayant une alternative textuelle, cette alternative est-elle pertinente (hors cas particuliers) ? | D4: C | E4: C | F4: NA | G4: C | H4: NA | I4: NA | J4: C | K4: =IF(COUNTIF(D4:J4,"NC")>0,"NC",IF(COUNTIF(D4:J4,"AT")>0,"AT",IF(COUNTIF(D4:J4,"C")>0,"C","NA"))) | L4: Alternatives relevées : « Andy Zébus en animation lors d'un événement gaming en Guadeloupe », « Duo gaming, vue de dos — atelier parent-enfant », « Portrait d'Andy Zébus… », carte « Communes de Guadeloupe — zone d'intervention PXLC ». Pertinence à confirmer par Andy. | N4: Critère 1.3
A5: Images | B5: 1.4 | C5: Pour chaque image utilisée comme CAPTCHA ou comme image-test, ayant une alternative textuelle, cette alternative permet-elle d'identifier la nature et la fonction de l'image ? | D5: NA | E5: NA | F5: NA | G5: NA | H5: NA | I5: NA | J5: NA | K5: =IF(COUNTIF(D5:J5,"NC")>0,"NC",IF(COUNTIF(D5:J5,"AT")>0,"AT",IF(COUNTIF(D5:J5,"C")>0,"C","NA"))) | L5: Aucun CAPTCHA ni image-test. | N5: Critère 1.4
A6: Images | B6: 1.5 | C6: Pour chaque image utilisée comme CAPTCHA, une solution d'accès alternatif au contenu ou à la fonction du CAPTCHA est-elle présente ? | D6: NA | E6: NA | F6: NA | G6: NA | H6: NA | I6: NA | J6: NA | K6: =IF(COUNTIF(D6:J6,"NC")>0,"NC",IF(COUNTIF(D6:J6,"AT")>0,"AT",IF(COUNTIF(D6:J6,"C")>0,"C","NA"))) | L6: Aucun CAPTCHA. | N6: Critère 1.5
A7: Images | B7: 1.6 | C7: Chaque image porteuse d'information a-t-elle, si nécessaire, une description détaillée ? | D7: NA | E7: NA | F7: NA | G7: C | H7: NA | I7: NA | J7: NA | K7: =IF(COUNTIF(D7:J7,"NC")>0,"NC",IF(COUNTIF(D7:J7,"AT")>0,"AT",IF(COUNTIF(D7:J7,"C")>0,"C","NA"))) | L7: Carte des communes : la légende numérotée adjacente liste les communes de la zone (description détaillée). Les photos n'en nécessitent pas. | N7: Critère 1.6
A8: Images | B8: 1.7 | C8: Pour chaque image porteuse d'information ayant une description détaillée, cette description est-elle pertinente ? | D8: NA | E8: NA | F8: NA | G8: C | H8: NA | I8: NA | J8: NA | K8: =IF(COUNTIF(D8:J8,"NC")>0,"NC",IF(COUNTIF(D8:J8,"AT")>0,"AT",IF(COUNTIF(D8:J8,"C")>0,"C","NA"))) | L8: La légende de la carte reprend les 4 communes de la zone d'intervention : pertinente. | N8: Critère 1.7
A9: Images | B9: 1.8 | C9: Chaque image texte porteuse d'information, en l'absence d'un mécanisme de remplacement, doit si possible être remplacée par du texte stylé. Cette règle est-elle respectée (hors cas particuliers) ? | D9: NA | E9: NA | F9: NA | G9: NA | H9: NA | I9: NA | J9: NA | K9: =IF(COUNTIF(D9:J9,"NC")>0,"NC",IF(COUNTIF(D9:J9,"AT")>0,"AT",IF(COUNTIF(D9:J9,"C")>0,"C","NA"))) | L9: Aucune image texte porteuse d'information (le texte des photos n'est pas porteur d'information). | N9: Critère 1.8
A10: Images | B10: 1.9 | C10: Chaque légende d'image est-elle, si nécessaire, correctement reliée à l'image correspondante ? | D10: NA | E10: NA | F10: NA | G10: NA | H10: NA | I10: NA | J10: NA | K10: =IF(COUNTIF(D10:J10,"NC")>0,"NC",IF(COUNTIF(D10:J10,"AT")>0,"AT",IF(COUNTIF(D10:J10,"C")>0,"C","NA"))) | L10: Aucune légende d'image (figure/figcaption). | N10: Critère 1.9
A11: Cadres | B11: 2.1 | C11: Chaque cadre a-t-il un titre de cadre ? | D11: NA | E11: NA | F11: NA | G11: NA | H11: NA | I11: NA | J11: NA | K11: =IF(COUNTIF(D11:J11,"NC")>0,"NC",IF(COUNTIF(D11:J11,"AT")>0,"AT",IF(COUNTIF(D11:J11,"C")>0,"C","NA"))) | L11: Aucun cadre (iframe). | N11: Critère 2.1
A12: Cadres | B12: 2.2 | C12: Pour chaque cadre ayant un titre de cadre, ce titre de cadre est-il pertinent ? | D12: NA | E12: NA | F12: NA | G12: NA | H12: NA | I12: NA | J12: NA | K12: =IF(COUNTIF(D12:J12,"NC")>0,"NC",IF(COUNTIF(D12:J12,"AT")>0,"AT",IF(COUNTIF(D12:J12,"C")>0,"C","NA"))) | L12: Aucun cadre. | N12: Critère 2.2
A13: Couleurs | B13: 3.1 | C13: Dans chaque page web, l'information ne doit pas être donnée uniquement par la couleur. Cette règle est-elle respectée ? | D13: C | E13: C | F13: C | G13: AT | H13: C | I13: C | J13: C | K13: =IF(COUNTIF(D13:J13,"NC")>0,"NC",IF(COUNTIF(D13:J13,"AT")>0,"AT",IF(COUNTIF(D13:J13,"C")>0,"C","NA"))) | L13: Lien actif du menu : couleur + barre + aria-current="page". Champs requis : astérisque + légende « Champs requis ». Contact : vérifier que la carte distingue la zone autrement que par la couleur (numéros). | N13: Critère 3.1
... A107: Consultation | B107: 13.12 | C107: Dans chaque page web, les fonctionnalités qui impliquent un mouvement de l'appareil ou vers l'appareil peuvent-elles être satisfaites de manière alternative (hors cas particuliers) ? | D107: NA | E107: NA | F107: NA | G107: NA | H107: NA | I107: NA | J107: NA | K107: =IF(COUNTIF(D107:J107,"NC")>0,"NC",IF(COUNTIF(D107:J107,"AT")>0,"AT",IF(COUNTIF(D107:J107,"C")>0,"C","NA"))) | L107: Aucune fonctionnalité liée au mouvement de l'appareil. | N107: Critère 13.12

Sheet Corrections
A1: Critère | B1: Pages | C1: Problème | D1: Correction | E1: Effort | F1: État
A2: 3.3 | B2: Contact | C2: Bordure des champs et des puces de choix à 1,51:1 (seuil 3:1). | D2: Bordure des champs en --ink-quiet (5,57:1 sur blanc en clair, 4,75:1 en sombre) ou filet de 2 px en --parent-mid. | E2: Faible | F2: Corrigé le 21/09/2026
A3: 6.1 | B3: Toutes | C3: Nom accessible qui ne contient pas l'intitulé visible : « Prendre RDV », « Plaquette PDF · 6 pages », « Télécharger le PDF ». | D3: Aligner l'aria-label sur le texte visible, suivi de la précision : « Prendre RDV (rendez-vous, nouvel onglet) », « Plaquette PDF · 6 pages (nouvel onglet) », « Télécharger le PDF (plaquette, 6 pages, nouvel onglet) ». | E3: Faible | F3: Corrigé le 21/09/2026
A4: 8.2 | B4: Projets | C4: Identifiant « jouons-ensemble » présent deux fois. | D4: Renommer l'identifiant de la carte projet (ex. « projet-jouons-ensemble ») et vérifier les liens d'ancre. | E4: Faible | F4: Corrigé le 21/09/2026
A5: 8.9 | B5: Contact | C5: Balise <i> pour styliser les numéros de la légende de la carte. | D5: Remplacer <i> par <span> dans CommuneMap. | E5: Faible | F5: Corrigé le 21/09/2026
A6: 10.6 | B6: Contact, Mentions légales | C6: Liens non soulignés au milieu de texte, couleur trop proche du texte (1,64:1). | D6: Souligner ces liens (contact-nap__link, liens des <dd>). | E6: Faible | F6: Corrigé le 21/09/2026
A7: 10.11 | B7: Plaquette (HTML) | C7: Feuilles A4 de largeur fixe : défilement horizontal de 237 px à 320 px. | D7: À l'écran sous 800 px, laisser les feuilles se réduire en largeur fluide (la mise en page A4 reste pour l'impression et le PDF). | E7: Moyen | F7: Corrigé le 21/09/2026
A8: 12.7 | B8: Plaquette (HTML) | C8: Pas de lien d'évitement. | D8: Ajouter « Aller au contenu » en tête de PlaquetteLayout, comme dans BaseLayout. | E8: Faible | F8: Corrigé le 21/09/2026
A9: 13.3 | B9: Toutes | C9: Plaquette PDF sans version accessible proposée à côté du lien (critère alors à tester). | D9: Lien « Lire en ligne » vers /plaquette/ à côté de chaque lien PDF. | E9: Faible | F9: Corrigé le 21/09/2026

Sheet Procédures
A1: Critères | B1: Pages | C1: Outil | D1: Procédure pas à pas | E1: Résultat attendu pour « C »
A2: 7.1 | B2: Toutes sauf plaquette | C2: NVDA (gratuit, nvaccess.org) + Firefox ou Chrome | D2: 1. Lancer NVDA. 2. Tab jusqu'au bouton de thème, Entrée : écouter l'annonce. 3. En fenêtre étroite (< 1024 px), Tab jusqu'au bouton menu, Entrée : NVDA doit annoncer une boîte de dialogue « Menu de navigation ». 4. Échap : le focus revient au bouton. 5. Projets : ouvrir une question de la FAQ au clavier. | E2: Le thème annonce « enfoncé / non enfoncé » ; le menu annonce son état (développé/réduit) et sa nature de dialogue ; la FAQ annonce « développé ».
A3: 8.2 | B3: Toutes | C3: validator.w3.org/nu (onglet « Check by address ») | D3: Coller l'URL de chaque page de l'échantillon et lancer la vérification. | E3: 0 erreur (les avertissements « info » ne comptent pas).
A4: 8.7 | B4: Toutes | C4: Lecture + dictionnaire (Larousse en ligne) | D4: Relever les mots étrangers (« gaming », « Duo gaming »…). Un mot absent des dictionnaires français et non passé dans l'usage doit être balisé lang="en". | E4: Chaque mot étranger non courant est dans un <span lang="en">, ou n'est pas considéré comme étranger.
A5: 9.1 | B5: Accueil | C5: Extension HeadingsMap ou NVDA (touche H) | D5: Parcourir les titres de la page. Regarder si « Quelques repères » et « Partenaires de confiance » sont perçus comme des titres de section. | E5: Si ce sont des titres de section : les baliser en h2 (même apparence). Sinon : C.
A6: 9.3 | B6: Accueil | C6: Lecture du code ou NVDA (touche L) | D6: Vérifier la grille des 4 repères chiffrés (8 familles, 6 ans…). | E6: Si c'est une énumération : ul/li (ou dl). Sinon : C.
A7: 10.2 · 10.3 | B7: Toutes | C7: Firefox : Affichage > Style de la page > Aucun style | D7: Afficher chaque page sans styles. Lire de haut en bas. | E7: Tout le contenu porteur d'information reste présent et se lit dans un ordre logique.
A8: 10.4 | B8: Plaquette (HTML) | C8: Zoom navigateur 200 % (Ctrl +) | D8: Zoomer la page /plaquette/ à 200 % dans une fenêtre de 1280 px. | E8: Le texte reste lisible, sans chevauchement ni coupure.
A9: 10.12 | B9: Toutes | C9: Bookmarklet « Text Spacing » (Steve Faulkner) ou extension équivalente | D9: Appliquer l'espacement (interligne 1,5 ; lettres 0,12 ; mots 0,16 ; paragraphes 2) et parcourir chaque page. | E9: Aucun texte coupé, masqué ou superposé.
A10: 11.10 · 11.11 | B10: Contact | C10: NVDA + formulaire | D10: 1. Envoyer le formulaire vide. 2. Écouter le message. 3. Saisir un email sans @, envoyer. | E10: Chaque erreur est annoncée, rattachée au champ, et le message dit comment corriger (ex. format attendu). Sinon : messages personnalisés à ajouter.
A11: 13.5 · 13.6 | B11: Plaquette (HTML) | C11: NVDA | D11: Écouter le coupon de consentement (« Fait à ........ le ...... »). | E11: Les pointillés ne sont pas lus caractère par caractère (sinon : les masquer aux lecteurs d'écran et donner une consigne textuelle).
A12: 3.1 | B12: Contact | C12: Œil + niveaux de gris (extension ou impression N&B) | D12: Regarder la carte des communes en niveaux de gris. | E12: Les communes de la zone restent identifiables (numéros, légende) sans la couleur.
A13: 12.9 | B13: Toutes | C13: Clavier, fenêtre < 1024 px | D13: Ouvrir le menu mobile au clavier, Tab plusieurs fois, puis Échap. | E13: Le focus reste dans le menu tant qu'il est ouvert ; Échap le ferme et rend le focus.
